ベンダ,GRAPHTEC Corporation
モデル,GL900
バージョン,Ver2.09
測定間隔,2ms
測定点数,453         
トリガ点,1                    
開始時刻,2015-10-05,14:24:04
終了時刻,2015-10-05,14:24:04
トリガ時刻,2015-10-05,14:24:04
アンプ設定
CH,信号名,入力,レンジ,フィルタ,スパン
CH1, " CH 1",TEMP,TC_K,Off,300.000,-100.000,ﾟC
CH2, " CH 2",DC,1-5V,Off,401.000,1.000,kPa
CH3, " CH 3",DC,10V,Off,114.300,0.000,ml
Logic/Pulse,Off
XY1,On,CH3,CH2
XY2,Off,CH1,CH3
XY3,Off,CH1,CH1
XY4,Off,CH1,CH1

測定値
番号,日付,時間,us,CH1,CH2,CH3,CH4,CH5,CH6,CH7,CH8,Alarm,AlarmOut
NO.,Date,Time,us,ﾟC,kPa,ml,,,,,
1,2015/10/05,14:24:04,000000,+25.6,+102.4,+59.99,****,****,****,****,****,LLLLLLLLLLLLLLLL,LLLL
2,2015/10/05,14:24:04,002000,+25.3,+102.2,+59.97,****,****,****,****,****,LLLLLLLLLLLLLLLL,LLLL
3,2015/10/05,14:24:04,004000,+25.9,+102.2,+60.00,****,****,****,****,****,LLLLLLLLLLLLLLLL,LLLL
4,2015/10/05,14:24:04,006000,+25.6,+102.4,+60.01,****,****,****,****,****,LLLLLLLLLLLLLLLL,LLLL
5,2015/10/05,14:24:04,008000,+25.2,+102.4,+60.02,****,****,****,****,****,LLLLLLLLLLLLLLLL,LLLL
6,2015/10/05,14:24:04,010000,+25.6,+102.4,+60.00,****,****,****,****,****,LLLLLLLLLLLLLLLL,LLLL
7,2015/10/05,14:24:04,012000,+24.9,+102.2,+60.02,****,****,****,****,****,LLLLLLLLLLLLLLLL,LLLL
8,2015/10/05,14:24:04,014000,+25.2,+102.3,+60.00,****,****,****,****,****,LLLLLLLLLLLLLLLL,LLLL
9,2015/10/05,14:24:04,016000,+24.9,+102.2,+59.99,****,****,****,****,****,LLLLLLLLLLLLLLLL,LLLL
10,2015/10/05,14:24:04,018000,+25.7,+102.2,+59.98,****,****,****,****,****,LLLLLLLLLLLLLLLL,LLLL
11,2015/10/05,14:24:04,020000,+25.7,+102.2,+59.98,****,****,****,****,****,LLLLLLLLLLLLLLLL,LLLL
12,2015/10/05,14:24:04,022000,+25.7,+102.4,+59.99,****,****,****,****,****,LLLLLLLLLLLLLLLL,LLLL
13,2015/10/05,14:24:04,024000,+25.3,+102.2,+59.98,****,****,****,****,****,LLLLLLLLLLLLLLLL,LLLL
14,2015/10/05,14:24:04,026000,+25.8,+102.4,+59.99,****,****,****,****,****,LLLLLLLLLLLLLLLL,LLLL
15,2015/10/05,14:24:04,028000,+25.3,+102.3,+60.00,****,****,****,****,****,LLLLLLLLLLLLLLLL,LLLL
16,2015/10/05,14:24:04,030000,+25.7,+102.3,+59.99,****,****,****,****,****,LLLLLLLLLLLLLLLL,LLLL
17,2015/10/05,14:24:04,032000,+25.0,+102.4,+59.97,****,****,****,****,****,LLLLLLLLLLLLLLLL,LLLL
18,2015/10/05,14:24:04,034000,+25.4,+102.4,+59.99,****,****,****,****,****,LLLLLLLLLLLLLLLL,LLLL
19,2015/10/05,14:24:04,036000,+25.1,+102.2,+59.98,****,****,****,****,****,LLLLLLLLLLLLLLLL,LLLL
20,2015/10/05,14:24:04,038000,+25.6,+102.2,+60.00,****,****,****,****,****,LLLLLLLLLLLLLLLL,LLLL
21,2015/10/05,14:24:04,040000,+25.7,+102.2,+59.98,****,****,****,****,****,LLLLLLLLLLLLLLLL,LLLL
22,2015/10/05,14:24:04,042000,+25.4,+102.3,+59.98,****,****,****,****,****,LLLLLLLLLLLLLLLL,LLLL
23,2015/10/05,14:24:04,044000,+25.4,+102.4,+59.99,****,****,****,****,****,LLLLLLLLLLLLLLLL,LLLL
24,2015/10/05,14:24:04,046000,+24.9,+102.4,+60.00,****,****,****,****,****,LLLLLLLLLLLLLLLL,LLLL
25,2015/10/05,14:24:04,048000,+25.4,+102.3,+60.00,****,****,****,****,****,LLLLLLLLLLLLLLLL,LLLL
26,2015/10/05,14:24:04,050000,+25.1,+102.1,+60.00,****,****,****,****,****,LLLLLLLLLLLLLLLL,LLLL
27,2015/10/05,14:24:04,052000,+25.1,+102.5,+60.01,****,****,****,****,****,LLLLLLLLLLLLLLLL,LLLL
28,2015/10/05,14:24:04,054000,+25.1,+102.4,+59.98,****,****,****,****,****,LLLLLLLLLLLLLLLL,LLLL
29,2015/10/05,14:24:04,056000,+25.6,+102.4,+60.00,****,****,****,****,****,LLLLLLLLLLLLLLLL,LLLL
30,2015/10/05,14:24:04,058000,+25.6,+102.2,+59.98,****,****,****,****,****,LLLLLLLLLLLLLLLL,LLLL
31,2015/10/05,14:24:04,060000,+25.6,+102.2,+59.99,****,****,****,****,****,LLLLLLLLLLLLLLLL,LLLL
32,2015/10/05,14:24:04,062000,+25.4,+102.4,+60.00,****,****,****,****,****,LLLLLLLLLLLLLLLL,LLLL
33,2015/10/05,14:24:04,064000,+25.6,+102.4,+59.97,****,****,****,****,****,LLLLLLLLLLLLLLLL,LLLL
34,2015/10/05,14:24:04,066000,+25.1,+102.2,+59.99,****,****,****,****,****,LLLLLLLLLLLLLLLL,LLLL
35,2015/10/05,14:24:04,068000,+25.1,+102.2,+59.99,****,****,****,****,****,LLLLLLLLLLLLLLLL,LLLL
36,2015/10/05,14:24:04,070000,+25.6,+102.4,+59.98,****,****,****,****,****,LLLLLLLLLLLLLLLL,LLLL
37,2015/10/05,14:24:04,072000,+24.9,+102.4,+59.99,****,****,****,****,****,LLLLLLLLLLLLLLLL,LLLL
38,2015/10/05,14:24:04,074000,+25.6,+102.5,+59.99,****,****,****,****,****,LLLLLLLLLLLLLLLL,LLLL
39,2015/10/05,14:24:04,076000,+25.1,+102.3,+59.99,****,****,****,****,****,LLLLLLLLLLLLLLLL,LLLL
40,2015/10/05,14:24:04,078000,+25.8,+102.2,+60.01,****,****,****,****,****,LLLLLLLLLLLLLLLL,LLLL
41,2015/10/05,14:24:04,080000,+25.4,+102.2,+59.99,****,****,****,****,****,LLLLLLLLLLLLLLLL,LLLL
42,2015/10/05,14:24:04,082000,+26.1,+102.5,+59.96,****,****,****,****,****,LLLLLLLLLLLLLLLL,LLLL
43,2015/10/05,14:24:04,084000,+25.4,+102.4,+59.97,****,****,****,****,****,LLLLLLLLLLLLLLLL,LLLL
44,2015/10/05,14:24:04,086000,+25.4,+102.2,+59.98,****,****,****,****,****,LLLLLLLLLLLLLLLL,LLLL
45,2015/10/05,14:24:04,088000,+25.3,+102.2,+59.96,****,****,****,****,****,LLLLLLLLLLLLLLLL,LLLL
46,2015/10/05,14:24:04,090000,+25.4,+102.4,+59.99,****,****,****,****,****,LLLLLLLLLLLLLLLL,LLLL
47,2015/10/05,14:24:04,092000,+25.0,+102.3,+59.98,****,****,****,****,****,LLLLLLLLLLLLLLLL,LLLL
48,2015/10/05,14:24:04,094000,+25.1,+102.2,+60.00,****,****,****,****,****,LLLLLLLLLLLLLLLL,LLLL
49,2015/10/05,14:24:04,096000,+25.1,+102.1,+59.98,****,****,****,****,****,LLLLLLLLLLLLLLLL,LLLL
50,2015/10/05,14:24:04,098000,+25.5,+102.4,+59.98,****,****,****,****,****,LLLLLLLLLLLLLLLL,LLLL
51,2015/10/05,14:24:04,100000,+25.4,+102.4,+60.02,****,****,****,****,****,LLLLLLLLLLLLLLLL,LLLL
52,2015/10/05,14:24:04,102000,+25.6,+102.4,+59.99,****,****,****,****,****,LLLLLLLLLLLLLLLL,LLLL
53,2015/10/05,14:24:04,104000,+25.3,+102.5,+60.02,****,****,****,****,****,LLLLLLLLLLLLLLLL,LLLL
54,2015/10/05,14:24:04,106000,+25.1,+102.5,+59.98,****,****,****,****,****,LLLLLLLLLLLLLLLL,LLLL
55,2015/10/05,14:24:04,108000,+25.1,+102.4,+59.99,****,****,****,****,****,LLLLLLLLLLLLLLLL,LLLL
56,2015/10/05,14:24:04,110000,+25.4,+102.5,+60.01,****,****,****,****,****,LLLLLLLLLLLLLLLL,LLLL
57,2015/10/05,14:24:04,112000,+25.6,+102.1,+59.98,****,****,****,****,****,LLLLLLLLLLLLLLLL,LLLL
58,2015/10/05,14:24:04,114000,+25.1,+102.5,+59.98,****,****,****,****,****,LLLLLLLLLLLLLLLL,LLLL
59,2015/10/05,14:24:04,116000,+25.6,+102.2,+60.00,****,****,****,****,****,LLLLLLLLLLLLLLLL,LLLL
60,2015/10/05,14:24:04,118000,+25.1,+102.3,+59.98,****,****,****,****,****,LLLLLLLLLLLLLLLL,LLLL
61,2015/10/05,14:24:04,120000,+25.4,+102.4,+59.98,****,****,****,****,****,LLLLLLLLLLLLLLLL,LLLL
62,2015/10/05,14:24:04,122000,+25.5,+102.3,+60.00,****,****,****,****,****,LLLLLLLLLLLLLLLL,LLLL
63,2015/10/05,14:24:04,124000,+25.4,+102.2,+60.01,****,****,****,****,****,LLLLLLLLLLLLLLLL,LLLL
64,2015/10/05,14:24:04,126000,+25.1,+102.3,+60.00,****,****,****,****,****,LLLLLLLLLLLLLLLL,LLLL
65,2015/10/05,14:24:04,128000,+25.4,+102.3,+60.00,****,****,****,****,****,LLLLLLLLLLLLLLLL,LLLL
66,2015/10/05,14:24:04,130000,+25.2,+102.2,+60.00,****,****,****,****,****,LLLLLLLLLLLLLLLL,LLLL
67,2015/10/05,14:24:04,132000,+25.4,+102.3,+60.00,****,****,****,****,****,LLLLLLLLLLLLLLLL,LLLL
68,2015/10/05,14:24:04,134000,+25.4,+102.2,+59.99,****,****,****,****,****,LLLLLLLLLLLLLLLL,LLLL
69,2015/10/05,14:24:04,136000,+25.5,+102.4,+59.98,****,****,****,****,****,LLLLLLLLLLLLLLLL,LLLL
70,2015/10/05,14:24:04,138000,+25.6,+102.3,+60.00,****,****,****,****,****,LLLLLLLLLLLLLLLL,LLLL
71,2015/10/05,14:24:04,140000,+25.6,+102.2,+59.99,****,****,****,****,****,LLLLLLLLLLLLLLLL,LLLL
72,2015/10/05,14:24:04,142000,+25.7,+102.2,+60.00,****,****,****,****,****,LLLLLLLLLLLLLLLL,LLLL
73,2015/10/05,14:24:04,144000,+25.4,+102.3,+60.00,****,****,****,****,****,LLLLLLLLLLLLLLLL,LLLL
74,2015/10/05,14:24:04,146000,+25.6,+102.5,+59.98,****,****,****,****,****,LLLLLLLLLLLLLLLL,LLLL
75,2015/10/05,14:24:04,148000,+25.3,+102.2,+59.98,****,****,****,****,****,LLLLLLLLLLLLLLLL,LLLL
76,2015/10/05,14:24:04,150000,+25.7,+102.3,+59.98,****,****,****,****,****,LLLLLLLLLLLLLLLL,LLLL
77,2015/10/05,14:24:04,152000,+25.1,+102.2,+59.98,****,****,****,****,****,LLLLLLLLLLLLLLLL,LLLL
78,2015/10/05,14:24:04,154000,+25.6,+102.2,+59.97,****,****,****,****,****,LLLLLLLLLLLLLLLL,LLLL
79,2015/10/05,14:24:04,156000,+25.3,+102.2,+59.98,****,****,****,****,****,LLLLLLLLLLLLLLLL,LLLL
80,2015/10/05,14:24:04,158000,+25.1,+102.2,+59.98,****,****,****,****,****,LLLLLLLLLLLLLLLL,LLLL
81,2015/10/05,14:24:04,160000,+25.4,+102.2,+60.00,****,****,****,****,****,LLLLLLLLLLLLLLLL,LLLL
82,2015/10/05,14:24:04,162000,+25.6,+102.3,+59.99,****,****,****,****,****,LLLLLLLLLLLLLLLL,LLLL
83,2015/10/05,14:24:04,164000,+25.6,+102.2,+59.98,****,****,****,****,****,LLLLLLLLLLLLLLLL,LLLL
84,2015/10/05,14:24:04,166000,+25.9,+102.2,+59.98,****,****,****,****,****,LLLLLLLLLLLLLLLL,LLLL
85,2015/10/05,14:24:04,168000,+25.7,+102.4,+60.00,****,****,****,****,****,LLLLLLLLLLLLLLLL,LLLL
86,2015/10/05,14:24:04,170000,+25.2,+102.3,+59.98,****,****,****,****,****,LLLLLLLLLLLLLLLL,LLLL
87,2015/10/05,14:24:04,172000,+25.0,+102.6,+59.98,****,****,****,****,****,LLLLLLLLLLLLLLLL,LLLL
88,2015/10/05,14:24:04,174000,+25.7,+102.2,+59.98,****,****,****,****,****,LLLLLLLLLLLLLLLL,LLLL
89,2015/10/05,14:24:04,176000,+25.6,+102.4,+59.97,****,****,****,****,****,LLLLLLLLLLLLLLLL,LLLL
90,2015/10/05,14:24:04,178000,+25.7,+102.4,+59.98,****,****,****,****,****,LLLLLLLLLLLLLLLL,LLLL
91,2015/10/05,14:24:04,180000,+25.7,+102.5,+60.00,****,****,****,****,****,LLLLLLLLLLLLLLLL,LLLL
92,2015/10/05,14:24:04,182000,+25.4,+102.2,+59.98,****,****,****,****,****,LLLLLLLLLLLLLLLL,LLLL
93,2015/10/05,14:24:04,184000,+25.8,+102.2,+60.00,****,****,****,****,****,LLLLLLLLLLLLLLLL,LLLL
94,2015/10/05,14:24:04,186000,+25.1,+102.2,+59.99,****,****,****,****,****,LLLLLLLLLLLLLLLL,LLLL
95,2015/10/05,14:24:04,188000,+25.4,+102.2,+59.99,****,****,****,****,****,LLLLLLLLLLLLLLLL,LLLL
96,2015/10/05,14:24:04,190000,+25.1,+102.5,+60.00,****,****,****,****,****,LLLLLLLLLLLLLLLL,LLLL
97,2015/10/05,14:24:04,192000,+25.6,+102.4,+60.00,****,****,****,****,****,LLLLLLLLLLLLLLLL,LLLL
98,2015/10/05,14:24:04,194000,+25.3,+102.4,+60.01,****,****,****,****,****,LLLLLLLLLLLLLLLL,LLLL
99,2015/10/05,14:24:04,196000,+25.6,+102.4,+59.97,****,****,****,****,****,LLLLLLLLLLLLLLLL,LLLL
100,2015/10/05,14:24:04,198000,+25.5,+102.2,+60.00,****,****,****,****,****,LLLLLLLLLLLLLLLL,LLLL
101,2015/10/05,14:24:04,200000,+25.7,+102.3,+59.99,****,****,****,****,****,LLLLLLLLLLLLLLLL,LLLL
102,2015/10/05,14:24:04,202000,+25.4,+102.2,+60.00,****,****,****,****,****,LLLLLLLLLLLLLLLL,LLLL
103,2015/10/05,14:24:04,204000,+25.5,+102.2,+59.98,****,****,****,****,****,LLLLLLLLLLLLLLLL,LLLL
104,2015/10/05,14:24:04,206000,+25.3,+102.3,+59.99,****,****,****,****,****,LLLLLLLLLLLLLLLL,LLLL
105,2015/10/05,14:24:04,208000,+25.4,+102.4,+60.01,****,****,****,****,****,LLLLLLLLLLLLLLLL,LLLL
106,2015/10/05,14:24:04,210000,+25.8,+102.3,+59.98,****,****,****,****,****,LLLLLLLLLLLLLLLL,LLLL
107,2015/10/05,14:24:04,212000,+25.2,+102.2,+59.99,****,****,****,****,****,LLLLLLLLLLLLLLLL,LLLL
108,2015/10/05,14:24:04,214000,+25.9,+102.4,+59.98,****,****,****,****,****,LLLLLLLLLLLLLLLL,LLLL
109,2015/10/05,14:24:04,216000,+24.9,+102.3,+60.01,****,****,****,****,****,LLLLLLLLLLLLLLLL,LLLL
110,2015/10/05,14:24:04,218000,+26.0,+102.4,+59.99,****,****,****,****,****,LLLLLLLLLLLLLLLL,LLLL
111,2015/10/05,14:24:04,220000,+25.2,+102.3,+60.00,****,****,****,****,****,LLLLLLLLLLLLLLLL,LLLL
112,2015/10/05,14:24:04,222000,+25.7,+102.5,+60.00,****,****,****,****,****,LLLLLLLLLLLLLLLL,LLLL
113,2015/10/05,14:24:04,224000,+25.1,+102.1,+59.98,****,****,****,****,****,LLLLLLLLLLLLLLLL,LLLL
114,2015/10/05,14:24:04,226000,+25.4,+102.5,+59.97,****,****,****,****,****,LLLLLLLLLLLLLLLL,LLLL
115,2015/10/05,14:24:04,228000,+25.1,+102.2,+59.98,****,****,****,****,****,LLLLLLLLLLLLLLLL,LLLL
116,2015/10/05,14:24:04,230000,+25.1,+102.5,+59.98,****,****,****,****,****,LLLLLLLLLLLLLLLL,LLLL
117,2015/10/05,14:24:04,232000,+25.6,+102.4,+60.00,****,****,****,****,****,LLLLLLLLLLLLLLLL,LLLL
118,2015/10/05,14:24:04,234000,+25.1,+102.4,+60.00,****,****,****,****,****,LLLLLLLLLLLLLLLL,LLLL
119,2015/10/05,14:24:04,236000,+25.2,+102.2,+59.98,****,****,****,****,****,LLLLLLLLLLLLLLLL,LLLL
120,2015/10/05,14:24:04,238000,+25.7,+102.2,+60.00,****,****,****,****,****,LLLLLLLLLLLLLLLL,LLLL
121,2015/10/05,14:24:04,240000,+25.6,+102.3,+59.98,****,****,****,****,****,LLLLLLLLLLLLLLLL,LLLL
122,2015/10/05,14:24:04,242000,+25.7,+102.4,+59.97,****,****,****,****,****,LLLLLLLLLLLLLLLL,LLLL
123,2015/10/05,14:24:04,244000,+26.1,+102.2,+59.99,****,****,****,****,****,LLLLLLLLLLLLLLLL,LLLL
124,2015/10/05,14:24:04,246000,+25.3,+102.3,+59.98,****,****,****,****,****,LLLLLLLLLLLLLLLL,LLLL
125,2015/10/05,14:24:04,248000,+25.7,+102.4,+59.99,****,****,****,****,****,LLLLLLLLLLLLLLLL,LLLL
126,2015/10/05,14:24:04,250000,+24.8,+102.2,+60.00,****,****,****,****,****,LLLLLLLLLLLLLLLL,LLLL
127,2015/10/05,14:24:04,252000,+25.5,+102.2,+60.02,****,****,****,****,****,LLLLLLLLLLLLLLLL,LLLL
128,2015/10/05,14:24:04,254000,+25.1,+102.4,+59.98,****,****,****,****,****,LLLLLLLLLLLLLLLL,LLLL
129,2015/10/05,14:24:04,256000,+25.4,+102.2,+60.00,****,****,****,****,****,LLLLLLLLLLLLLLLL,LLLL
130,2015/10/05,14:24:04,258000,+25.5,+102.4,+60.00,****,****,****,****,****,LLLLLLLLLLLLLLLL,LLLL
131,2015/10/05,14:24:04,260000,+25.6,+102.2,+60.02,****,****,****,****,****,LLLLLLLLLLLLLLLL,LLLL
132,2015/10/05,14:24:04,262000,+25.7,+102.3,+60.00,****,****,****,****,****,LLLLLLLLLLLLLLLL,LLLL
133,2015/10/05,14:24:04,264000,+25.4,+102.4,+59.98,****,****,****,****,****,LLLLLLLLLLLLLLLL,LLLL
134,2015/10/05,14:24:04,266000,+25.3,+102.2,+59.98,****,****,****,****,****,LLLLLLLLLLLLLLLL,LLLL
135,2015/10/05,14:24:04,268000,+25.3,+102.4,+59.98,****,****,****,****,****,LLLLLLLLLLLLLLLL,LLLL
136,2015/10/05,14:24:04,270000,+25.4,+102.3,+59.98,****,****,****,****,****,LLLLLLLLLLLLLLLL,LLLL
137,2015/10/05,14:24:04,272000,+25.1,+102.4,+59.99,****,****,****,****,****,LLLLLLLLLLLLLLLL,LLLL
138,2015/10/05,14:24:04,274000,+25.4,+102.3,+59.99,****,****,****,****,****,LLLLLLLLLLLLLLLL,LLLL
139,2015/10/05,14:24:04,276000,+25.3,+102.3,+59.99,****,****,****,****,****,LLLLLLLLLLLLLLLL,LLLL
140,2015/10/05,14:24:04,278000,+25.6,+102.3,+60.00,****,****,****,****,****,LLLLLLLLLLLLLLLL,LLLL
141,2015/10/05,14:24:04,280000,+25.6,+102.3,+60.00,****,****,****,****,****,LLLLLLLLLLLLLLLL,LLLL
142,2015/10/05,14:24:04,282000,+25.4,+102.4,+60.00,****,****,****,****,****,LLLLLLLLLLLLLLLL,LLLL
143,2015/10/05,14:24:04,284000,+25.3,+102.2,+60.00,****,****,****,****,****,LLLLLLLLLLLLLLLL,LLLL
144,2015/10/05,14:24:04,286000,+25.6,+102.2,+60.00,****,****,****,****,****,LLLLLLLLLLLLLLLL,LLLL
145,2015/10/05,14:24:04,288000,+25.0,+102.5,+59.96,****,****,****,****,****,LLLLLLLLLLLLLLLL,LLLL
146,2015/10/05,14:24:04,290000,+25.5,+102.3,+59.99,****,****,****,****,****,LLLLLLLLLLLLLLLL,LLLL
147,2015/10/05,14:24:04,292000,+25.3,+102.4,+59.98,****,****,****,****,****,LLLLLLLLLLLLLLLL,LLLL
148,2015/10/05,14:24:04,294000,+25.4,+102.3,+59.98,****,****,****,****,****,LLLLLLLLLLLLLLLL,LLLL
149,2015/10/05,14:24:04,296000,+25.4,+102.4,+59.98,****,****,****,****,****,LLLLLLLLLLLLLLLL,LLLL
150,2015/10/05,14:24:04,298000,+25.5,+102.3,+59.97,****,****,****,****,****,LLLLLLLLLLLLLLLL,LLLL
151,2015/10/05,14:24:04,300000,+25.1,+102.5,+59.98,****,****,****,****,****,LLLLLLLLLLLLLLLL,LLLL
152,2015/10/05,14:24:04,302000,+25.4,+102.2,+60.00,****,****,****,****,****,LLLLLLLLLLLLLLLL,LLLL
153,2015/10/05,14:24:04,304000,+25.5,+102.3,+59.99,****,****,****,****,****,LLLLLLLLLLLLLLLL,LLLL
154,2015/10/05,14:24:04,306000,+25.2,+102.3,+59.99,****,****,****,****,****,LLLLLLLLLLLLLLLL,LLLL
155,2015/10/05,14:24:04,308000,+25.4,+102.5,+60.00,****,****,****,****,****,LLLLLLLLLLLLLLLL,LLLL
156,2015/10/05,14:24:04,310000,+24.7,+102.4,+60.00,****,****,****,****,****,LLLLLLLLLLLLLLLL,LLLL
157,2015/10/05,14:24:04,312000,+25.6,+102.3,+59.97,****,****,****,****,****,LLLLLLLLLLLLLLLL,LLLL
158,2015/10/05,14:24:04,314000,+25.1,+102.4,+59.98,****,****,****,****,****,LLLLLLLLLLLLLLLL,LLLL
159,2015/10/05,14:24:04,316000,+25.6,+102.3,+59.98,****,****,****,****,****,LLLLLLLLLLLLLLLL,LLLL
160,2015/10/05,14:24:04,318000,+25.3,+102.2,+60.00,****,****,****,****,****,LLLLLLLLLLLLLLLL,LLLL
161,2015/10/05,14:24:04,320000,+25.9,+102.3,+59.99,****,****,****,****,****,LLLLLLLLLLLLLLLL,LLLL
162,2015/10/05,14:24:04,322000,+25.6,+102.3,+59.99,****,****,****,****,****,LLLLLLLLLLLLLLLL,LLLL
163,2015/10/05,14:24:04,324000,+25.6,+102.3,+59.98,****,****,****,****,****,LLLLLLLLLLLLLLLL,LLLL
164,2015/10/05,14:24:04,326000,+25.7,+102.3,+59.98,****,****,****,****,****,LLLLLLLLLLLLLLLL,LLLL
165,2015/10/05,14:24:04,328000,+25.3,+102.3,+59.98,****,****,****,****,****,LLLLLLLLLLLLLLLL,LLLL
166,2015/10/05,14:24:04,330000,+24.9,+102.2,+59.97,****,****,****,****,****,LLLLLLLLLLLLLLLL,LLLL
167,2015/10/05,14:24:04,332000,+25.3,+102.5,+59.98,****,****,****,****,****,LLLLLLLLLLLLLLLL,LLLL
168,2015/10/05,14:24:04,334000,+25.3,+102.4,+60.00,****,****,****,****,****,LLLLLLLLLLLLLLLL,LLLL
169,2015/10/05,14:24:04,336000,+25.6,+102.4,+59.97,****,****,****,****,****,LLLLLLLLLLLLLLLL,LLLL
170,2015/10/05,14:24:04,338000,+25.6,+102.4,+59.97,****,****,****,****,****,LLLLLLLLLLLLLLLL,LLLL
171,2015/10/05,14:24:04,340000,+25.6,+102.1,+59.99,****,****,****,****,****,LLLLLLLLLLLLLLLL,LLLL
172,2015/10/05,14:24:04,342000,+25.5,+102.3,+59.99,****,****,****,****,****,LLLLLLLLLLLLLLLL,LLLL
173,2015/10/05,14:24:04,344000,+25.6,+102.2,+60.01,****,****,****,****,****,LLLLLLLLLLLLLLLL,LLLL
174,2015/10/05,14:24:04,346000,+25.7,+102.1,+59.98,****,****,****,****,****,LLLLLLLLLLLLLLLL,LLLL
175,2015/10/05,14:24:04,348000,+25.4,+102.2,+59.98,****,****,****,****,****,LLLLLLLLLLLLLLLL,LLLL
176,2015/10/05,14:24:04,350000,+25.1,+102.4,+59.97,****,****,****,****,****,LLLLLLLLLLLLLLLL,LLLL
177,2015/10/05,14:24:04,352000,+24.9,+102.2,+60.00,****,****,****,****,****,LLLLLLLLLLLLLLLL,LLLL
178,2015/10/05,14:24:04,354000,+25.4,+102.5,+59.98,****,****,****,****,****,LLLLLLLLLLLLLLLL,LLLL
179,2015/10/05,14:24:04,356000,+25.6,+102.3,+59.98,****,****,****,****,****,LLLLLLLLLLLLLLLL,LLLL
180,2015/10/05,14:24:04,358000,+25.6,+102.5,+59.99,****,****,****,****,****,LLLLLLLLLLLLLLLL,LLLL
181,2015/10/05,14:24:04,360000,+25.1,+102.3,+59.98,****,****,****,****,****,LLLLLLLLLLLLLLLL,LLLL
182,2015/10/05,14:24:04,362000,+25.1,+102.4,+59.99,****,****,****,****,****,LLLLLLLLLLLLLLLL,LLLL
183,2015/10/05,14:24:04,364000,+25.5,+102.4,+59.98,****,****,****,****,****,LLLLLLLLLLLLLLLL,LLLL
184,2015/10/05,14:24:04,366000,+25.4,+102.2,+59.99,****,****,****,****,****,LLLLLLLLLLLLLLLL,LLLL
185,2015/10/05,14:24:04,368000,+25.4,+102.3,+59.99,****,****,****,****,****,LLLLLLLLLLLLLLLL,LLLL
186,2015/10/05,14:24:04,370000,+25.7,+102.4,+60.00,****,****,****,****,****,LLLLLLLLLLLLLLLL,LLLL
187,2015/10/05,14:24:04,372000,+25.2,+102.4,+59.99,****,****,****,****,****,LLLLLLLLLLLLLLLL,LLLL
188,2015/10/05,14:24:04,374000,+25.4,+102.5,+59.98,****,****,****,****,****,LLLLLLLLLLLLLLLL,LLLL
189,2015/10/05,14:24:04,376000,+25.4,+102.4,+60.00,****,****,****,****,****,LLLLLLLLLLLLLLLL,LLLL
190,2015/10/05,14:24:04,378000,+25.2,+102.2,+59.97,****,****,****,****,****,LLLLLLLLLLLLLLLL,LLLL
191,2015/10/05,14:24:04,380000,+25.9,+102.3,+59.98,****,****,****,****,****,LLLLLLLLLLLLLLLL,LLLL
192,2015/10/05,14:24:04,382000,+25.4,+102.3,+59.99,****,****,****,****,****,LLLLLLLLLLLLLLLL,LLLL
193,2015/10/05,14:24:04,384000,+25.9,+102.4,+60.00,****,****,****,****,****,LLLLLLLLLLLLLLLL,LLLL
194,2015/10/05,14:24:04,386000,+25.5,+102.4,+59.96,****,****,****,****,****,LLLLLLLLLLLLLLLL,LLLL
195,2015/10/05,14:24:04,388000,+25.0,+102.3,+59.98,****,****,****,****,****,LLLLLLLLLLLLLLLL,LLLL
196,2015/10/05,14:24:04,390000,+25.3,+102.3,+60.01,****,****,****,****,****,LLLLLLLLLLLLLLLL,LLLL
197,2015/10/05,14:24:04,392000,+25.2,+102.2,+59.98,****,****,****,****,****,LLLLLLLLLLLLLLLL,LLLL
198,2015/10/05,14:24:04,394000,+25.3,+102.2,+59.99,****,****,****,****,****,LLLLLLLLLLLLLLLL,LLLL
199,2015/10/05,14:24:04,396000,+25.3,+102.4,+59.99,****,****,****,****,****,LLLLLLLLLLLLLLLL,LLLL
200,2015/10/05,14:24:04,398000,+25.4,+102.4,+60.00,****,****,****,****,****,LLLLLLLLLLLLLLLL,LLLL
201,2015/10/05,14:24:04,400000,+25.6,+102.5,+59.99,****,****,****,****,****,LLLLLLLLLLLLLLLL,LLLL
202,2015/10/05,14:24:04,402000,+25.7,+102.2,+59.99,****,****,****,****,****,LLLLLLLLLLLLLLLL,LLLL
203,2015/10/05,14:24:04,404000,+25.2,+102.3,+59.98,****,****,****,****,****,LLLLLLLLLLLLLLLL,LLLL
204,2015/10/05,14:24:04,406000,+25.1,+102.2,+60.02,****,****,****,****,****,LLLLLLLLLLLLLLLL,LLLL
205,2015/10/05,14:24:04,408000,+25.1,+102.3,+59.97,****,****,****,****,****,LLLLLLLLLLLLLLLL,LLLL
206,2015/10/05,14:24:04,410000,+25.2,+102.2,+60.00,****,****,****,****,****,LLLLLLLLLLLLLLLL,LLLL
207,2015/10/05,14:24:04,412000,+25.1,+102.6,+60.00,****,****,****,****,****,LLLLLLLLLLLLLLLL,LLLL
208,2015/10/05,14:24:04,414000,+25.6,+102.2,+59.99,****,****,****,****,****,LLLLLLLLLLLLLLLL,LLLL
209,2015/10/05,14:24:04,416000,+25.4,+102.5,+59.97,****,****,****,****,****,LLLLLLLLLLLLLLLL,LLLL
210,2015/10/05,14:24:04,418000,+25.7,+102.4,+60.00,****,****,****,****,****,LLLLLLLLLLLLLLLL,LLLL
211,2015/10/05,14:24:04,420000,+25.4,+102.4,+59.98,****,****,****,****,****,LLLLLLLLLLLLLLLL,LLLL
212,2015/10/05,14:24:04,422000,+25.6,+102.3,+59.99,****,****,****,****,****,LLLLLLLLLLLLLLLL,LLLL
213,2015/10/05,14:24:04,424000,+25.4,+102.5,+59.97,****,****,****,****,****,LLLLLLLLLLLLLLLL,LLLL
214,2015/10/05,14:24:04,426000,+25.1,+102.3,+59.99,****,****,****,****,****,LLLLLLLLLLLLLLLL,LLLL
215,2015/10/05,14:24:04,428000,+25.7,+102.2,+59.97,****,****,****,****,****,LLLLLLLLLLLLLLLL,LLLL
216,2015/10/05,14:24:04,430000,+25.3,+102.4,+60.00,****,****,****,****,****,LLLLLLLLLLLLLLLL,LLLL
217,2015/10/05,14:24:04,432000,+24.7,+102.3,+59.98,****,****,****,****,****,LLLLLLLLLLLLLLLL,LLLL
218,2015/10/05,14:24:04,434000,+25.8,+102.4,+59.99,****,****,****,****,****,LLLLLLLLLLLLLLLL,LLLL
219,2015/10/05,14:24:04,436000,+25.4,+102.2,+60.00,****,****,****,****,****,LLLLLLLLLLLLLLLL,LLLL
220,2015/10/05,14:24:04,438000,+25.1,+102.4,+60.00,****,****,****,****,****,LLLLLLLLLLLLLLLL,LLLL
221,2015/10/05,14:24:04,440000,+25.4,+102.3,+59.98,****,****,****,****,****,LLLLLLLLLLLLLLLL,LLLL
222,2015/10/05,14:24:04,442000,+25.2,+102.5,+59.97,****,****,****,****,****,LLLLLLLLLLLLLLLL,LLLL
223,2015/10/05,14:24:04,444000,+25.7,+102.4,+60.00,****,****,****,****,****,LLLLLLLLLLLLLLLL,LLLL
224,2015/10/05,14:24:04,446000,+25.2,+102.2,+59.98,****,****,****,****,****,LLLLLLLLLLLLLLLL,LLLL
225,2015/10/05,14:24:04,448000,+25.2,+102.2,+59.98,****,****,****,****,****,LLLLLLLLLLLLLLLL,LLLL
226,2015/10/05,14:24:04,450000,+25.1,+102.3,+59.98,****,****,****,****,****,LLLLLLLLLLLLLLLL,LLLL
227,2015/10/05,14:24:04,452000,+25.4,+102.4,+59.98,****,****,****,****,****,LLLLLLLLLLLLLLLL,LLLL
228,2015/10/05,14:24:04,454000,+25.4,+102.2,+59.98,****,****,****,****,****,LLLLLLLLLLLLLLLL,LLLL
229,2015/10/05,14:24:04,456000,+25.4,+102.4,+59.98,****,****,****,****,****,LLLLLLLLLLLLLLLL,LLLL
230,2015/10/05,14:24:04,458000,+25.6,+102.4,+59.97,****,****,****,****,****,LLLLLLLLLLLLLLLL,LLLL
231,2015/10/05,14:24:04,460000,+25.2,+102.3,+59.98,****,****,****,****,****,LLLLLLLLLLLLLLLL,LLLL
232,2015/10/05,14:24:04,462000,+25.2,+102.4,+60.00,****,****,****,****,****,LLLLLLLLLLLLLLLL,LLLL
233,2015/10/05,14:24:04,464000,+25.1,+102.2,+59.98,****,****,****,****,****,LLLLLLLLLLLLLLLL,LLLL
234,2015/10/05,14:24:04,466000,+25.4,+102.4,+60.00,****,****,****,****,****,LLLLLLLLLLLLLLLL,LLLL
235,2015/10/05,14:24:04,468000,+25.3,+102.3,+60.00,****,****,****,****,****,LLLLLLLLLLLLLLLL,LLLL
236,2015/10/05,14:24:04,470000,+25.2,+102.3,+59.98,****,****,****,****,****,LLLLLLLLLLLLLLLL,LLLL
237,2015/10/05,14:24:04,472000,+25.3,+102.2,+60.00,****,****,****,****,****,LLLLLLLLLLLLLLLL,LLLL
238,2015/10/05,14:24:04,474000,+25.3,+102.5,+60.00,****,****,****,****,****,LLLLLLLLLLLLLLLL,LLLL
239,2015/10/05,14:24:04,476000,+25.6,+102.1,+60.01,****,****,****,****,****,LLLLLLLLLLLLLLLL,LLLL
240,2015/10/05,14:24:04,478000,+25.9,+102.4,+59.98,****,****,****,****,****,LLLLLLLLLLLLLLLL,LLLL
241,2015/10/05,14:24:04,480000,+26.0,+102.4,+60.00,****,****,****,****,****,LLLLLLLLLLLLLLLL,LLLL
242,2015/10/05,14:24:04,482000,+26.2,+102.4,+59.99,****,****,****,****,****,LLLLLLLLLLLLLLLL,LLLL
243,2015/10/05,14:24:04,484000,+25.4,+102.3,+60.00,****,****,****,****,****,LLLLLLLLLLLLLLLL,LLLL
244,2015/10/05,14:24:04,486000,+25.6,+102.3,+60.01,****,****,****,****,****,LLLLLLLLLLLLLLLL,LLLL
245,2015/10/05,14:24:04,488000,+25.2,+102.2,+60.00,****,****,****,****,****,LLLLLLLLLLLLLLLL,LLLL
246,2015/10/05,14:24:04,490000,+25.2,+102.2,+60.00,****,****,****,****,****,LLLLLLLLLLLLLLLL,LLLL
247,2015/10/05,14:24:04,492000,+25.4,+102.4,+59.99,****,****,****,****,****,LLLLLLLLLLLLLLLL,LLLL
248,2015/10/05,14:24:04,494000,+25.4,+102.2,+60.01,****,****,****,****,****,LLLLLLLLLLLLLLLL,LLLL
249,2015/10/05,14:24:04,496000,+25.3,+102.3,+59.97,****,****,****,****,****,LLLLLLLLLLLLLLLL,LLLL
250,2015/10/05,14:24:04,498000,+25.6,+102.2,+59.98,****,****,****,****,****,LLLLLLLLLLLLLLLL,LLLL
251,2015/10/05,14:24:04,500000,+25.4,+102.2,+59.97,****,****,****,****,****,LLLLLLLLLLLLLLLL,LLLL
252,2015/10/05,14:24:04,502000,+25.5,+102.3,+59.98,****,****,****,****,****,LLLLLLLLLLLLLLLL,LLLL
253,2015/10/05,14:24:04,504000,+26.1,+102.3,+59.98,****,****,****,****,****,LLLLLLLLLLLLLLLL,LLLL
254,2015/10/05,14:24:04,506000,+25.1,+102.4,+59.98,****,****,****,****,****,LLLLLLLLLLLLLLLL,LLLL
255,2015/10/05,14:24:04,508000,+25.4,+102.4,+59.98,****,****,****,****,****,LLLLLLLLLLLLLLLL,LLLL
256,2015/10/05,14:24:04,510000,+25.2,+102.2,+59.97,****,****,****,****,****,LLLLLLLLLLLLLLLL,LLLL
257,2015/10/05,14:24:04,512000,+25.4,+102.3,+59.97,****,****,****,****,****,LLLLLLLLLLLLLLLL,LLLL
258,2015/10/05,14:24:04,514000,+25.1,+102.4,+60.00,****,****,****,****,****,LLLLLLLLLLLLLLLL,LLLL
259,2015/10/05,14:24:04,516000,+25.9,+102.1,+59.99,****,****,****,****,****,LLLLLLLLLLLLLLLL,LLLL
260,2015/10/05,14:24:04,518000,+24.9,+102.3,+60.00,****,****,****,****,****,LLLLLLLLLLLLLLLL,LLLL
261,2015/10/05,14:24:04,520000,+25.4,+102.4,+59.97,****,****,****,****,****,LLLLLLLLLLLLLLLL,LLLL
262,2015/10/05,14:24:04,522000,+25.7,+102.3,+59.99,****,****,****,****,****,LLLLLLLLLLLLLLLL,LLLL
263,2015/10/05,14:24:04,524000,+25.7,+102.3,+59.99,****,****,****,****,****,LLLLLLLLLLLLLLLL,LLLL
264,2015/10/05,14:24:04,526000,+25.1,+102.3,+59.99,****,****,****,****,****,LLLLLLLLLLLLLLLL,LLLL
265,2015/10/05,14:24:04,528000,+25.6,+102.4,+59.99,****,****,****,****,****,LLLLLLLLLLLLLLLL,LLLL
266,2015/10/05,14:24:04,530000,+25.1,+102.4,+59.99,****,****,****,****,****,LLLLLLLLLLLLLLLL,LLLL
267,2015/10/05,14:24:04,532000,+25.6,+102.3,+59.99,****,****,****,****,****,LLLLLLLLLLLLLLLL,LLLL
268,2015/10/05,14:24:04,534000,+25.1,+102.3,+59.98,****,****,****,****,****,LLLLLLLLLLLLLLLL,LLLL
269,2015/10/05,14:24:04,536000,+25.2,+102.4,+59.99,****,****,****,****,****,LLLLLLLLLLLLLLLL,LLLL
270,2015/10/05,14:24:04,538000,+25.5,+102.2,+59.97,****,****,****,****,****,LLLLLLLLLLLLLLLL,LLLL
271,2015/10/05,14:24:04,540000,+25.6,+102.4,+59.98,****,****,****,****,****,LLLLLLLLLLLLLLLL,LLLL
272,2015/10/05,14:24:04,542000,+25.9,+102.1,+59.99,****,****,****,****,****,LLLLLLLLLLLLLLLL,LLLL
273,2015/10/05,14:24:04,544000,+25.4,+102.3,+59.99,****,****,****,****,****,LLLLLLLLLLLLLLLL,LLLL
274,2015/10/05,14:24:04,546000,+25.6,+102.2,+59.97,****,****,****,****,****,LLLLLLLLLLLLLLLL,LLLL
275,2015/10/05,14:24:04,548000,+25.5,+102.4,+59.99,****,****,****,****,****,LLLLLLLLLLLLLLLL,LLLL
276,2015/10/05,14:24:04,550000,+25.6,+102.3,+60.00,****,****,****,****,****,LLLLLLLLLLLLLLLL,LLLL
277,2015/10/05,14:24:04,552000,+24.4,+102.3,+60.01,****,****,****,****,****,LLLLLLLLLLLLLLLL,LLLL
278,2015/10/05,14:24:04,554000,+25.6,+102.3,+60.00,****,****,****,****,****,LLLLLLLLLLLLLLLL,LLLL
279,2015/10/05,14:24:04,556000,+25.6,+102.4,+59.99,****,****,****,****,****,LLLLLLLLLLLLLLLL,LLLL
280,2015/10/05,14:24:04,558000,+26.0,+102.3,+60.01,****,****,****,****,****,LLLLLLLLLLLLLLLL,LLLL
281,2015/10/05,14:24:04,560000,+24.7,+102.3,+60.00,****,****,****,****,****,LLLLLLLLLLLLLLLL,LLLL
282,2015/10/05,14:24:04,562000,+25.5,+102.5,+60.00,****,****,****,****,****,LLLLLLLLLLLLLLLL,LLLL
283,2015/10/05,14:24:04,564000,+25.4,+102.3,+60.00,****,****,****,****,****,LLLLLLLLLLLLLLLL,LLLL
284,2015/10/05,14:24:04,566000,+25.4,+102.2,+60.00,****,****,****,****,****,LLLLLLLLLLLLLLLL,LLLL
285,2015/10/05,14:24:04,568000,+25.3,+102.0,+59.99,****,****,****,****,****,LLLLLLLLLLLLLLLL,LLLL
286,2015/10/05,14:24:04,570000,+25.1,+102.3,+59.99,****,****,****,****,****,LLLLLLLLLLLLLLLL,LLLL
287,2015/10/05,14:24:04,572000,+25.1,+102.2,+59.99,****,****,****,****,****,LLLLLLLLLLLLLLLL,LLLL
288,2015/10/05,14:24:04,574000,+25.6,+102.4,+59.98,****,****,****,****,****,LLLLLLLLLLLLLLLL,LLLL
289,2015/10/05,14:24:04,576000,+25.5,+102.4,+59.98,****,****,****,****,****,LLLLLLLLLLLLLLLL,LLLL
290,2015/10/05,14:24:04,578000,+25.4,+102.4,+59.98,****,****,****,****,****,LLLLLLLLLLLLLLLL,LLLL
291,2015/10/05,14:24:04,580000,+25.7,+102.4,+59.98,****,****,****,****,****,LLLLLLLLLLLLLLLL,LLLL
292,2015/10/05,14:24:04,582000,+25.4,+102.4,+59.98,****,****,****,****,****,LLLLLLLLLLLLLLLL,LLLL
293,2015/10/05,14:24:04,584000,+25.7,+102.4,+60.02,****,****,****,****,****,LLLLLLLLLLLLLLLL,LLLL
294,2015/10/05,14:24:04,586000,+25.1,+102.2,+59.97,****,****,****,****,****,LLLLLLLLLLLLLLLL,LLLL
295,2015/10/05,14:24:04,588000,+25.4,+102.3,+59.99,****,****,****,****,****,LLLLLLLLLLLLLLLL,LLLL
296,2015/10/05,14:24:04,590000,+25.1,+102.2,+60.00,****,****,****,****,****,LLLLLLLLLLLLLLLL,LLLL
297,2015/10/05,14:24:04,592000,+24.9,+102.4,+60.00,****,****,****,****,****,LLLLLLLLLLLLLLLL,LLLL
298,2015/10/05,14:24:04,594000,+24.9,+102.4,+59.98,****,****,****,****,****,LLLLLLLLLLLLLLLL,LLLL
299,2015/10/05,14:24:04,596000,+25.1,+102.2,+59.99,****,****,****,****,****,LLLLLLLLLLLLLLLL,LLLL
300,2015/10/05,14:24:04,598000,+25.4,+102.4,+59.98,****,****,****,****,****,LLLLLLLLLLLLLLLL,LLLL
301,2015/10/05,14:24:04,600000,+26.0,+102.3,+60.00,****,****,****,****,****,LLLLLLLLLLLLLLLL,LLLL
302,2015/10/05,14:24:04,602000,+25.4,+102.4,+59.99,****,****,****,****,****,LLLLLLLLLLLLLLLL,LLLL
303,2015/10/05,14:24:04,604000,+25.4,+102.3,+59.97,****,****,****,****,****,LLLLLLLLLLLLLLLL,LLLL
304,2015/10/05,14:24:04,606000,+25.6,+102.5,+60.00,****,****,****,****,****,LLLLLLLLLLLLLLLL,LLLL
305,2015/10/05,14:24:04,608000,+25.4,+102.2,+59.97,****,****,****,****,****,LLLLLLLLLLLLLLLL,LLLL
306,2015/10/05,14:24:04,610000,+25.6,+102.4,+60.00,****,****,****,****,****,LLLLLLLLLLLLLLLL,LLLL
307,2015/10/05,14:24:04,612000,+24.8,+102.2,+59.98,****,****,****,****,****,LLLLLLLLLLLLLLLL,LLLL
308,2015/10/05,14:24:04,614000,+25.4,+102.4,+60.01,****,****,****,****,****,LLLLLLLLLLLLLLLL,LLLL
309,2015/10/05,14:24:04,616000,+25.6,+102.4,+59.98,****,****,****,****,****,LLLLLLLLLLLLLLLL,LLLL
310,2015/10/05,14:24:04,618000,+26.1,+102.2,+59.99,****,****,****,****,****,LLLLLLLLLLLLLLLL,LLLL
311,2015/10/05,14:24:04,620000,+25.6,+102.4,+60.00,****,****,****,****,****,LLLLLLLLLLLLLLLL,LLLL
312,2015/10/05,14:24:04,622000,+25.4,+102.2,+59.98,****,****,****,****,****,LLLLLLLLLLLLLLLL,LLLL
313,2015/10/05,14:24:04,624000,+25.3,+102.3,+59.98,****,****,****,****,****,LLLLLLLLLLLLLLLL,LLLL
314,2015/10/05,14:24:04,626000,+25.4,+102.3,+59.97,****,****,****,****,****,LLLLLLLLLLLLLLLL,LLLL
315,2015/10/05,14:24:04,628000,+25.2,+102.3,+59.96,****,****,****,****,****,LLLLLLLLLLLLLLLL,LLLL
316,2015/10/05,14:24:04,630000,+25.3,+102.4,+59.98,****,****,****,****,****,LLLLLLLLLLLLLLLL,LLLL
317,2015/10/05,14:24:04,632000,+25.4,+102.3,+59.97,****,****,****,****,****,LLLLLLLLLLLLLLLL,LLLL
318,2015/10/05,14:24:04,634000,+25.4,+102.2,+59.98,****,****,****,****,****,LLLLLLLLLLLLLLLL,LLLL
319,2015/10/05,14:24:04,636000,+25.7,+102.2,+59.98,****,****,****,****,****,LLLLLLLLLLLLLLLL,LLLL
320,2015/10/05,14:24:04,638000,+25.6,+102.0,+59.98,****,****,****,****,****,LLLLLLLLLLLLLLLL,LLLL
321,2015/10/05,14:24:04,640000,+25.7,+102.3,+60.00,****,****,****,****,****,LLLLLLLLLLLLLLLL,LLLL
322,2015/10/05,14:24:04,642000,+25.7,+102.3,+59.99,****,****,****,****,****,LLLLLLLLLLLLLLLL,LLLL
323,2015/10/05,14:24:04,644000,+25.5,+102.3,+59.99,****,****,****,****,****,LLLLLLLLLLLLLLLL,LLLL
324,2015/10/05,14:24:04,646000,+24.9,+102.4,+60.02,****,****,****,****,****,LLLLLLLLLLLLLLLL,LLLL
325,2015/10/05,14:24:04,648000,+25.6,+102.4,+59.97,****,****,****,****,****,LLLLLLLLLLLLLLLL,LLLL
326,2015/10/05,14:24:04,650000,+25.4,+102.3,+59.99,****,****,****,****,****,LLLLLLLLLLLLLLLL,LLLL
327,2015/10/05,14:24:04,652000,+25.4,+102.2,+59.98,****,****,****,****,****,LLLLLLLLLLLLLLLL,LLLL
328,2015/10/05,14:24:04,654000,+25.4,+102.3,+60.02,****,****,****,****,****,LLLLLLLLLLLLLLLL,LLLL
329,2015/10/05,14:24:04,656000,+25.4,+102.3,+59.98,****,****,****,****,****,LLLLLLLLLLLLLLLL,LLLL
330,2015/10/05,14:24:04,658000,+25.7,+102.2,+59.98,****,****,****,****,****,LLLLLLLLLLLLLLLL,LLLL
331,2015/10/05,14:24:04,660000,+25.4,+102.2,+59.99,****,****,****,****,****,LLLLLLLLLLLLLLLL,LLLL
332,2015/10/05,14:24:04,662000,+25.6,+102.4,+59.98,****,****,****,****,****,LLLLLLLLLLLLLLLL,LLLL
333,2015/10/05,14:24:04,664000,+25.2,+102.2,+59.98,****,****,****,****,****,LLLLLLLLLLLLLLLL,LLLL
334,2015/10/05,14:24:04,666000,+25.1,+102.4,+59.97,****,****,****,****,****,LLLLLLLLLLLLLLLL,LLLL
335,2015/10/05,14:24:04,668000,+25.2,+102.3,+59.97,****,****,****,****,****,LLLLLLLLLLLLLLLL,LLLL
336,2015/10/05,14:24:04,670000,+24.9,+102.2,+60.02,****,****,****,****,****,LLLLLLLLLLLLLLLL,LLLL
337,2015/10/05,14:24:04,672000,+25.1,+102.3,+59.98,****,****,****,****,****,LLLLLLLLLLLLLLLL,LLLL
338,2015/10/05,14:24:04,674000,+25.3,+102.2,+60.02,****,****,****,****,****,LLLLLLLLLLLLLLLL,LLLL
339,2015/10/05,14:24:04,676000,+25.3,+102.5,+59.98,****,****,****,****,****,LLLLLLLLLLLLLLLL,LLLL
340,2015/10/05,14:24:04,678000,+25.7,+102.4,+60.00,****,****,****,****,****,LLLLLLLLLLLLLLLL,LLLL
341,2015/10/05,14:24:04,680000,+25.5,+102.5,+60.00,****,****,****,****,****,LLLLLLLLLLLLLLLL,LLLL
342,2015/10/05,14:24:04,682000,+26.2,+102.3,+60.01,****,****,****,****,****,LLLLLLLLLLLLLLLL,LLLL
343,2015/10/05,14:24:04,684000,+25.4,+102.4,+59.98,****,****,****,****,****,LLLLLLLLLLLLLLLL,LLLL
344,2015/10/05,14:24:04,686000,+25.4,+102.3,+59.98,****,****,****,****,****,LLLLLLLLLLLLLLLL,LLLL
345,2015/10/05,14:24:04,688000,+25.0,+102.5,+59.98,****,****,****,****,****,LLLLLLLLLLLLLLLL,LLLL
346,2015/10/05,14:24:04,690000,+25.4,+102.1,+59.97,****,****,****,****,****,LLLLLLLLLLLLLLLL,LLLL
347,2015/10/05,14:24:04,692000,+25.1,+102.4,+59.98,****,****,****,****,****,LLLLLLLLLLLLLLLL,LLLL
348,2015/10/05,14:24:04,694000,+25.5,+102.2,+59.98,****,****,****,****,****,LLLLLLLLLLLLLLLL,LLLL
349,2015/10/05,14:24:04,696000,+25.0,+102.5,+59.99,****,****,****,****,****,LLLLLLLLLLLLLLLL,LLLL
350,2015/10/05,14:24:04,698000,+25.2,+102.4,+59.97,****,****,****,****,****,LLLLLLLLLLLLLLLL,LLLL
351,2015/10/05,14:24:04,700000,+25.6,+102.4,+59.99,****,****,****,****,****,LLLLLLLLLLLLLLLL,LLLL
352,2015/10/05,14:24:04,702000,+25.4,+102.3,+60.01,****,****,****,****,****,LLLLLLLLLLLLLLLL,LLLL
353,2015/10/05,14:24:04,704000,+25.6,+102.2,+60.00,****,****,****,****,****,LLLLLLLLLLLLLLLL,LLLL
354,2015/10/05,14:24:04,706000,+25.4,+102.4,+59.96,****,****,****,****,****,LLLLLLLLLLLLLLLL,LLLL
355,2015/10/05,14:24:04,708000,+25.0,+102.3,+60.00,****,****,****,****,****,LLLLLLLLLLLLLLLL,LLLL
356,2015/10/05,14:24:04,710000,+25.5,+102.4,+59.99,****,****,****,****,****,LLLLLLLLLLLLLLLL,LLLL
357,2015/10/05,14:24:04,712000,+25.6,+102.4,+60.00,****,****,****,****,****,LLLLLLLLLLLLLLLL,LLLL
358,2015/10/05,14:24:04,714000,+25.6,+102.3,+59.97,****,****,****,****,****,LLLLLLLLLLLLLLLL,LLLL
359,2015/10/05,14:24:04,716000,+25.7,+102.4,+59.99,****,****,****,****,****,LLLLLLLLLLLLLLLL,LLLL
360,2015/10/05,14:24:04,718000,+25.3,+102.4,+59.98,****,****,****,****,****,LLLLLLLLLLLLLLLL,LLLL
361,2015/10/05,14:24:04,720000,+25.4,+102.3,+59.97,****,****,****,****,****,LLLLLLLLLLLLLLLL,LLLL
362,2015/10/05,14:24:04,722000,+25.4,+102.2,+60.02,****,****,****,****,****,LLLLLLLLLLLLLLLL,LLLL
363,2015/10/05,14:24:04,724000,+25.7,+102.3,+59.99,****,****,****,****,****,LLLLLLLLLLLLLLLL,LLLL
364,2015/10/05,14:24:04,726000,+25.4,+102.4,+59.98,****,****,****,****,****,LLLLLLLLLLLLLLLL,LLLL
365,2015/10/05,14:24:04,728000,+25.3,+102.4,+59.98,****,****,****,****,****,LLLLLLLLLLLLLLLL,LLLL
366,2015/10/05,14:24:04,730000,+25.1,+102.2,+59.98,****,****,****,****,****,LLLLLLLLLLLLLLLL,LLLL
367,2015/10/05,14:24:04,732000,+25.1,+102.4,+60.00,****,****,****,****,****,LLLLLLLLLLLLLLLL,LLLL
368,2015/10/05,14:24:04,734000,+24.9,+102.1,+60.00,****,****,****,****,****,LLLLLLLLLLLLLLLL,LLLL
369,2015/10/05,14:24:04,736000,+25.4,+102.2,+60.00,****,****,****,****,****,LLLLLLLLLLLLLLLL,LLLL
370,2015/10/05,14:24:04,738000,+24.9,+102.2,+60.02,****,****,****,****,****,LLLLLLLLLLLLLLLL,LLLL
371,2015/10/05,14:24:04,740000,+25.8,+102.3,+60.01,****,****,****,****,****,LLLLLLLLLLLLLLLL,LLLL
372,2015/10/05,14:24:04,742000,+25.2,+102.3,+60.02,****,****,****,****,****,LLLLLLLLLLLLLLLL,LLLL
373,2015/10/05,14:24:04,744000,+25.6,+102.2,+59.98,****,****,****,****,****,LLLLLLLLLLLLLLLL,LLLL
374,2015/10/05,14:24:04,746000,+25.5,+102.5,+60.00,****,****,****,****,****,LLLLLLLLLLLLLLLL,LLLL
375,2015/10/05,14:24:04,748000,+25.1,+102.2,+59.97,****,****,****,****,****,LLLLLLLLLLLLLLLL,LLLL
376,2015/10/05,14:24:04,750000,+25.5,+102.4,+59.97,****,****,****,****,****,LLLLLLLLLLLLLLLL,LLLL
377,2015/10/05,14:24:04,752000,+24.9,+102.3,+59.97,****,****,****,****,****,LLLLLLLLLLLLLLLL,LLLL
378,2015/10/05,14:24:04,754000,+25.6,+102.4,+60.00,****,****,****,****,****,LLLLLLLLLLLLLLLL,LLLL
379,2015/10/05,14:24:04,756000,+25.1,+102.4,+59.98,****,****,****,****,****,LLLLLLLLLLLLLLLL,LLLL
380,2015/10/05,14:24:04,758000,+25.4,+102.3,+60.00,****,****,****,****,****,LLLLLLLLLLLLLLLL,LLLL
381,2015/10/05,14:24:04,760000,+25.6,+102.3,+59.98,****,****,****,****,****,LLLLLLLLLLLLLLLL,LLLL
382,2015/10/05,14:24:04,762000,+25.4,+102.4,+60.02,****,****,****,****,****,LLLLLLLLLLLLLLLL,LLLL
383,2015/10/05,14:24:04,764000,+25.6,+102.4,+59.99,****,****,****,****,****,LLLLLLLLLLLLLLLL,LLLL
384,2015/10/05,14:24:04,766000,+25.4,+102.5,+59.99,****,****,****,****,****,LLLLLLLLLLLLLLLL,LLLL
385,2015/10/05,14:24:04,768000,+25.4,+102.2,+59.98,****,****,****,****,****,LLLLLLLLLLLLLLLL,LLLL
386,2015/10/05,14:24:04,770000,+25.4,+102.5,+59.99,****,****,****,****,****,LLLLLLLLLLLLLLLL,LLLL
387,2015/10/05,14:24:04,772000,+25.1,+102.1,+60.00,****,****,****,****,****,LLLLLLLLLLLLLLLL,LLLL
388,2015/10/05,14:24:04,774000,+25.1,+102.5,+59.99,****,****,****,****,****,LLLLLLLLLLLLLLLL,LLLL
389,2015/10/05,14:24:04,776000,+25.3,+102.3,+59.99,****,****,****,****,****,LLLLLLLLLLLLLLLL,LLLL
390,2015/10/05,14:24:04,778000,+25.0,+102.4,+60.00,****,****,****,****,****,LLLLLLLLLLLLLLLL,LLLL
391,2015/10/05,14:24:04,780000,+26.0,+102.2,+59.96,****,****,****,****,****,LLLLLLLLLLLLLLLL,LLLL
392,2015/10/05,14:24:04,782000,+25.2,+102.5,+59.98,****,****,****,****,****,LLLLLLLLLLLLLLLL,LLLL
393,2015/10/05,14:24:04,784000,+25.7,+102.3,+59.99,****,****,****,****,****,LLLLLLLLLLLLLLLL,LLLL
394,2015/10/05,14:24:04,786000,+25.1,+102.6,+60.00,****,****,****,****,****,LLLLLLLLLLLLLLLL,LLLL
395,2015/10/05,14:24:04,788000,+25.3,+102.2,+59.98,****,****,****,****,****,LLLLLLLLLLLLLLLL,LLLL
396,2015/10/05,14:24:04,790000,+25.4,+102.5,+59.97,****,****,****,****,****,LLLLLLLLLLLLLLLL,LLLL
397,2015/10/05,14:24:04,792000,+25.5,+102.2,+60.02,****,****,****,****,****,LLLLLLLLLLLLLLLL,LLLL
398,2015/10/05,14:24:04,794000,+25.2,+102.4,+59.99,****,****,****,****,****,LLLLLLLLLLLLLLLL,LLLL
399,2015/10/05,14:24:04,796000,+25.2,+102.1,+60.02,****,****,****,****,****,LLLLLLLLLLLLLLLL,LLLL
400,2015/10/05,14:24:04,798000,+25.4,+102.4,+60.00,****,****,****,****,****,LLLLLLLLLLLLLLLL,LLLL
401,2015/10/05,14:24:04,800000,+25.5,+102.5,+59.98,****,****,****,****,****,LLLLLLLLLLLLLLLL,LLLL
402,2015/10/05,14:24:04,802000,+25.2,+102.3,+59.98,****,****,****,****,****,LLLLLLLLLLLLLLLL,LLLL
403,2015/10/05,14:24:04,804000,+25.7,+102.2,+60.00,****,****,****,****,****,LLLLLLLLLLLLLLLL,LLLL
404,2015/10/05,14:24:04,806000,+25.0,+102.3,+59.98,****,****,****,****,****,LLLLLLLLLLLLLLLL,LLLL
405,2015/10/05,14:24:04,808000,+25.4,+102.2,+59.97,****,****,****,****,****,LLLLLLLLLLLLLLLL,LLLL
406,2015/10/05,14:24:04,810000,+25.4,+102.4,+59.99,****,****,****,****,****,LLLLLLLLLLLLLLLL,LLLL
407,2015/10/05,14:24:04,812000,+25.0,+102.4,+59.98,****,****,****,****,****,LLLLLLLLLLLLLLLL,LLLL
408,2015/10/05,14:24:04,814000,+25.5,+102.4,+59.99,****,****,****,****,****,LLLLLLLLLLLLLLLL,LLLL
409,2015/10/05,14:24:04,816000,+25.1,+102.4,+60.02,****,****,****,****,****,LLLLLLLLLLLLLLLL,LLLL
410,2015/10/05,14:24:04,818000,+25.8,+102.2,+59.98,****,****,****,****,****,LLLLLLLLLLLLLLLL,LLLL
411,2015/10/05,14:24:04,820000,+25.0,+102.5,+59.98,****,****,****,****,****,LLLLLLLLLLLLLLLL,LLLL
412,2015/10/05,14:24:04,822000,+25.6,+102.3,+59.99,****,****,****,****,****,LLLLLLLLLLLLLLLL,LLLL
413,2015/10/05,14:24:04,824000,+25.3,+102.4,+59.99,****,****,****,****,****,LLLLLLLLLLLLLLLL,LLLL
414,2015/10/05,14:24:04,826000,+25.2,+102.1,+60.01,****,****,****,****,****,LLLLLLLLLLLLLLLL,LLLL
415,2015/10/05,14:24:04,828000,+25.4,+102.2,+59.97,****,****,****,****,****,LLLLLLLLLLLLLLLL,LLLL
416,2015/10/05,14:24:04,830000,+25.4,+102.2,+59.98,****,****,****,****,****,LLLLLLLLLLLLLLLL,LLLL
417,2015/10/05,14:24:04,832000,+25.4,+102.4,+60.01,****,****,****,****,****,LLLLLLLLLLLLLLLL,LLLL
418,2015/10/05,14:24:04,834000,+25.4,+102.2,+59.99,****,****,****,****,****,LLLLLLLLLLLLLLLL,LLLL
419,2015/10/05,14:24:04,836000,+25.7,+102.3,+59.99,****,****,****,****,****,LLLLLLLLLLLLLLLL,LLLL
420,2015/10/05,14:24:04,838000,+25.6,+102.3,+59.97,****,****,****,****,****,LLLLLLLLLLLLLLLL,LLLL
421,2015/10/05,14:24:04,840000,+25.4,+102.4,+59.97,****,****,****,****,****,LLLLLLLLLLLLLLLL,LLLL
422,2015/10/05,14:24:04,842000,+25.7,+102.3,+59.96,****,****,****,****,****,LLLLLLLLLLLLLLLL,LLLL
423,2015/10/05,14:24:04,844000,+25.6,+102.2,+59.98,****,****,****,****,****,LLLLLLLLLLLLLLLL,LLLL
424,2015/10/05,14:24:04,846000,+25.2,+102.3,+59.98,****,****,****,****,****,LLLLLLLLLLLLLLLL,LLLL
425,2015/10/05,14:24:04,848000,+25.9,+102.2,+59.98,****,****,****,****,****,LLLLLLLLLLLLLLLL,LLLL
426,2015/10/05,14:24:04,850000,+25.1,+102.4,+59.98,****,****,****,****,****,LLLLLLLLLLLLLLLL,LLLL
427,2015/10/05,14:24:04,852000,+25.2,+102.3,+59.96,****,****,****,****,****,LLLLLLLLLLLLLLLL,LLLL
428,2015/10/05,14:24:04,854000,+25.4,+102.2,+60.00,****,****,****,****,****,LLLLLLLLLLLLLLLL,LLLL
429,2015/10/05,14:24:04,856000,+25.3,+102.3,+60.00,****,****,****,****,****,LLLLLLLLLLLLLLLL,LLLL
430,2015/10/05,14:24:04,858000,+25.5,+102.4,+59.99,****,****,****,****,****,LLLLLLLLLLLLLLLL,LLLL
431,2015/10/05,14:24:04,860000,+25.4,+102.4,+59.97,****,****,****,****,****,LLLLLLLLLLLLLLLL,LLLL
432,2015/10/05,14:24:04,862000,+25.7,+102.1,+59.98,****,****,****,****,****,LLLLLLLLLLLLLLLL,LLLL
433,2015/10/05,14:24:04,864000,+25.4,+102.4,+60.00,****,****,****,****,****,LLLLLLLLLLLLLLLL,LLLL
434,2015/10/05,14:24:04,866000,+25.7,+102.3,+59.98,****,****,****,****,****,LLLLLLLLLLLLLLLL,LLLL
435,2015/10/05,14:24:04,868000,+26.1,+102.4,+59.99,****,****,****,****,****,LLLLLLLLLLLLLLLL,LLLL
436,2015/10/05,14:24:04,870000,+25.3,+102.3,+59.97,****,****,****,****,****,LLLLLLLLLLLLLLLL,LLLL
437,2015/10/05,14:24:04,872000,+25.2,+102.2,+59.96,****,****,****,****,****,LLLLLLLLLLLLLLLL,LLLL
438,2015/10/05,14:24:04,874000,+25.0,+102.2,+59.96,****,****,****,****,****,LLLLLLLLLLLLLLLL,LLLL
439,2015/10/05,14:24:04,876000,+25.1,+102.3,+59.98,****,****,****,****,****,LLLLLLLLLLLLLLLL,LLLL
440,2015/10/05,14:24:04,878000,+25.6,+102.2,+59.98,****,****,****,****,****,LLLLLLLLLLLLLLLL,LLLL
441,2015/10/05,14:24:04,880000,+25.1,+102.4,+60.00,****,****,****,****,****,LLLLLLLLLLLLLLLL,LLLL
442,2015/10/05,14:24:04,882000,+25.7,+102.2,+59.98,****,****,****,****,****,LLLLLLLLLLLLLLLL,LLLL
443,2015/10/05,14:24:04,884000,+25.4,+102.3,+60.00,****,****,****,****,****,LLLLLLLLLLLLLLLL,LLLL
444,2015/10/05,14:24:04,886000,+25.7,+102.4,+60.02,****,****,****,****,****,LLLLLLLLLLLLLLLL,LLLL
445,2015/10/05,14:24:04,888000,+25.1,+102.3,+60.02,****,****,****,****,****,LLLLLLLLLLLLLLLL,LLLL
446,2015/10/05,14:24:04,890000,+25.3,+102.4,+59.98,****,****,****,****,****,LLLLLLLLLLLLLLLL,LLLL
447,2015/10/05,14:24:04,892000,+25.2,+102.4,+59.98,****,****,****,****,****,LLLLLLLLLLLLLLLL,LLLL
448,2015/10/05,14:24:04,894000,+25.2,+102.4,+59.98,****,****,****,****,****,LLLLLLLLLLLLLLLL,LLLL
449,2015/10/05,14:24:04,896000,+25.4,+102.3,+59.98,****,****,****,****,****,LLLLLLLLLLLLLLLL,LLLL
450,2015/10/05,14:24:04,898000,+25.7,+102.3,+60.00,****,****,****,****,****,LLLLLLLLLLLLLLLL,LLLL
451,2015/10/05,14:24:04,900000,+25.4,+102.3,+59.99,****,****,****,****,****,LLLLLLLLLLLLLLLL,LLLL
452,2015/10/05,14:24:04,902000,+25.4,+102.4,+59.97,****,****,****,****,****,LLLLLLLLLLLLLLLL,LLLL
453,2015/10/05,14:24:04,904000,+25.2,+102.3,+59.97,****,****,****,****,****,LLLLLLLLLLLLLLLL,LLLL
